{
  "properties": {
    "connectionReferences": {
      "shared_commondataserviceforapps": {
        "impersonation": {},
        "runtimeSource": "embedded",
        "connection": {
          "connectionReferenceLogicalName": "msftpp_sharedcommondataserviceforapps_2310c"
        },
        "api": {
          "name": "shared_commondataserviceforapps"
        }
      }
    },
    "definition": {
      "$schema": "https://schema.management.azure.com/providers/Microsoft.Logic/schemas/2016-06-01/workflowdefinition.json#",
      "contentVersion": "1.0.0.0",
      "parameters": {
        "$connections": {
          "defaultValue": {},
          "type": "Object"
        },
        "$authentication": {
          "defaultValue": {},
          "type": "SecureObject"
        }
      },
      "triggers": {
        "Trigger_-_Contract_Expiry_Date": {
          "metadata": {
            "operationMetadataId": "a86a7f25-011a-4e2b-9de3-983071ec26dd"
          },
          "type": "OpenApiConnectionWebhook",
          "inputs": {
            "host": {
              "apiId": "/providers/Microsoft.PowerApps/apis/shared_commondataserviceforapps",
              "connectionName": "shared_commondataserviceforapps",
              "operationId": "SubscribeWebhookTrigger"
            },
            "parameters": {
              "subscriptionRequest/message": 4,
              "subscriptionRequest/entityname": "msftpp_license_contract",
              "subscriptionRequest/scope": 4,
              "subscriptionRequest/filteringattributes": "msftpp_expiry_date",
              "subscriptionRequest/filterexpression": "msftpp_next_reminder_date eq null",
              "subscriptionRequest/name": "82cbedb1-326f-ed11-9562-001dd8070070"
            },
            "authentication": "@parameters('$authentication')"
          }
        }
      },
      "actions": {
        "Get_a_copy_of_Contract": {
          "runAfter": {},
          "metadata": {
            "operationMetadataId": "91f26307-a6d1-453d-a089-6f320725d435"
          },
          "type": "OpenApiConnection",
          "inputs": {
            "host": {
              "apiId": "/providers/Microsoft.PowerApps/apis/shared_commondataserviceforapps",
              "connectionName": "shared_commondataserviceforapps",
              "operationId": "GetItem"
            },
            "parameters": {
              "entityName": "msftpp_license_contracts",
              "recordId": "@triggerOutputs()?['body/msftpp_license_contractid']"
            },
            "authentication": "@parameters('$authentication')"
          }
        },
        "Get_Max_Reminder_Value_from_Admin_Settings": {
          "runAfter": {
            "Get_a_copy_of_Contract": [
              "Succeeded"
            ]
          },
          "metadata": {
            "operationMetadataId": "2a0145eb-fe7e-4260-916d-1c2857a7cb19"
          },
          "type": "OpenApiConnection",
          "inputs": {
            "host": {
              "apiId": "/providers/Microsoft.PowerApps/apis/shared_commondataserviceforapps",
              "connectionName": "shared_commondataserviceforapps",
              "operationId": "ListRecords"
            },
            "parameters": {
              "entityName": "msftpp_license_admin_settings",
              "$filter": "(contains(msftpp_setting_name,'reminder') and msftpp_int_value ne null and statecode eq 0)",
              "$orderby": "msftpp_int_value desc",
              "$top": 1
            },
            "authentication": "@parameters('$authentication')"
          }
        },
        "Condition": {
          "actions": {
            "Run_the_Initial_Load_for_Settings_Table": {
              "runAfter": {},
              "metadata": {
                "operationMetadataId": "978706d3-0c52-435d-9075-dad0fe908d3d"
              },
              "type": "Workflow",
              "inputs": {
                "host": {
                  "workflowReferenceName": "f71b1109-eb6f-ed11-9562-001dd8070070"
                }
              }
            },
            "Set_Default_to_180_Days": {
              "runAfter": {
                "Run_the_Initial_Load_for_Settings_Table": [
                  "Succeeded"
                ]
              },
              "metadata": {
                "operationMetadataId": "b1431ace-36aa-4e18-b97a-9dec3f2bfc8f"
              },
              "type": "OpenApiConnection",
              "inputs": {
                "host": {
                  "apiId": "/providers/Microsoft.PowerApps/apis/shared_commondataserviceforapps",
                  "connectionName": "shared_commondataserviceforapps",
                  "operationId": "UpdateRecord"
                },
                "parameters": {
                  "entityName": "msftpp_license_contracts",
                  "recordId": "@outputs('Get_a_copy_of_Contract')?['body/msftpp_license_contractid']",
                  "item/msftpp_next_reminder_days": 180
                },
                "authentication": "@parameters('$authentication')"
              }
            }
          },
          "runAfter": {
            "Get_Max_Reminder_Value_from_Admin_Settings": [
              "Succeeded"
            ]
          },
          "else": {
            "actions": {
              "Apply_to_each": {
                "foreach": "@outputs('Get_Max_Reminder_Value_from_Admin_Settings')?['body/value']",
                "actions": {
                  "Update_a_row": {
                    "runAfter": {},
                    "metadata": {
                      "operationMetadataId": "370b02b0-7861-459f-9bec-a9efe09ac445"
                    },
                    "type": "OpenApiConnection",
                    "inputs": {
                      "host": {
                        "apiId": "/providers/Microsoft.PowerApps/apis/shared_commondataserviceforapps",
                        "connectionName": "shared_commondataserviceforapps",
                        "operationId": "UpdateRecord"
                      },
                      "parameters": {
                        "entityName": "msftpp_license_contracts",
                        "recordId": "@outputs('Get_a_copy_of_Contract')?['body/msftpp_license_contractid']",
                        "item/msftpp_next_reminder_days": "@items('Apply_to_each')?['msftpp_int_value']"
                      },
                      "authentication": "@parameters('$authentication')"
                    }
                  }
                },
                "runAfter": {},
                "metadata": {
                  "operationMetadataId": "dc16a7e2-ad28-4532-ad02-e5cdfa39e6ee"
                },
                "type": "Foreach"
              }
            }
          },
          "expression": {
            "equals": [
              "@length(outputs('Get_Max_Reminder_Value_from_Admin_Settings')?['body/value'])",
              0
            ]
          },
          "metadata": {
            "operationMetadataId": "5ab2955d-104e-4d2b-899c-131154e67743"
          },
          "type": "If"
        }
      }
    },
    "templateName": null
  },
  "schemaVersion": "1.0.0.0"
}