{
  "properties": {
    "connectionReferences": {
      "shared_commondataserviceforapps": {
        "impersonation": {},
        "runtimeSource": "embedded",
        "connection": {
          "connectionReferenceLogicalName": "msftpp_sharedcommondataserviceforapps_2310c"
        },
        "api": {
          "name": "shared_commondataserviceforapps"
        }
      }
    },
    "definition": {
      "$schema": "https://schema.management.azure.com/providers/Microsoft.Logic/schemas/2016-06-01/workflowdefinition.json#",
      "contentVersion": "1.0.0.0",
      "parameters": {
        "$connections": {
          "defaultValue": {},
          "type": "Object"
        },
        "$authentication": {
          "defaultValue": {},
          "type": "SecureObject"
        }
      },
      "triggers": {
        "Contract_is_Deactivated": {
          "metadata": {
            "operationMetadataId": "a64961f3-3a9f-4ac8-9b86-9cf08dc56b09"
          },
          "type": "OpenApiConnectionWebhook",
          "inputs": {
            "host": {
              "apiId": "/providers/Microsoft.PowerApps/apis/shared_commondataserviceforapps",
              "connectionName": "shared_commondataserviceforapps",
              "operationId": "SubscribeWebhookTrigger"
            },
            "parameters": {
              "subscriptionRequest/message": 3,
              "subscriptionRequest/entityname": "msftpp_license_contract",
              "subscriptionRequest/scope": 4,
              "subscriptionRequest/filteringattributes": "statecode",
              "subscriptionRequest/filterexpression": "statecode eq 1",
              "subscriptionRequest/name": "bda9b522-566f-ed11-9562-001dd8070070"
            },
            "authentication": "@parameters('$authentication')"
          }
        }
      },
      "actions": {
        "Get_a_copy_of_Contract": {
          "runAfter": {},
          "metadata": {
            "operationMetadataId": "ab85044b-031f-43ef-8682-a2edf911b99f"
          },
          "type": "OpenApiConnection",
          "inputs": {
            "host": {
              "apiId": "/providers/Microsoft.PowerApps/apis/shared_commondataserviceforapps",
              "connectionName": "shared_commondataserviceforapps",
              "operationId": "GetItem"
            },
            "parameters": {
              "entityName": "msftpp_license_contracts",
              "recordId": "@triggerOutputs()?['body/msftpp_license_contractid']"
            },
            "authentication": "@parameters('$authentication')"
          }
        },
        "Get_Active_Contract_Lines": {
          "runAfter": {
            "Get_a_copy_of_Contract": [
              "Succeeded"
            ]
          },
          "metadata": {
            "operationMetadataId": "80a073f7-28a4-43c8-ac84-f8f1b7c234d7"
          },
          "type": "OpenApiConnection",
          "inputs": {
            "host": {
              "apiId": "/providers/Microsoft.PowerApps/apis/shared_commondataserviceforapps",
              "connectionName": "shared_commondataserviceforapps",
              "operationId": "ListRecords"
            },
            "parameters": {
              "entityName": "msftpp_license_contract_lines",
              "$filter": "_msftpp_contract_id_value eq @{outputs('Get_a_copy_of_Contract')?['body/msftpp_license_contractid']} and statecode eq 0"
            },
            "authentication": "@parameters('$authentication')"
          }
        },
        "Apply_to_each_Contract_Line": {
          "foreach": "@outputs('Get_Active_Contract_Lines')?['body/value']",
          "actions": {
            "Deactivate_Contract_Line": {
              "runAfter": {},
              "metadata": {
                "operationMetadataId": "f16963f7-0974-43cb-8be3-da1b7895be24"
              },
              "type": "OpenApiConnection",
              "inputs": {
                "host": {
                  "apiId": "/providers/Microsoft.PowerApps/apis/shared_commondataserviceforapps",
                  "connectionName": "shared_commondataserviceforapps",
                  "operationId": "UpdateRecord"
                },
                "parameters": {
                  "entityName": "msftpp_license_contract_lines",
                  "recordId": "@items('Apply_to_each_Contract_Line')?['msftpp_license_contract_lineid']",
                  "item/statecode": 1,
                  "item/statuscode": 2
                },
                "authentication": "@parameters('$authentication')"
              }
            }
          },
          "runAfter": {
            "Get_Active_Contract_Lines": [
              "Succeeded"
            ]
          },
          "metadata": {
            "operationMetadataId": "2f63d47b-2b71-4f2d-b142-fce537d38a6c"
          },
          "type": "Foreach"
        }
      }
    },
    "templateName": null
  },
  "schemaVersion": "1.0.0.0"
}