{
  "properties": {
    "connectionReferences": {
      "shared_commondataserviceforapps": {
        "impersonation": {},
        "runtimeSource": "embedded",
        "connection": {
          "connectionReferenceLogicalName": "msftpp_sharedcommondataserviceforapps_2310c"
        },
        "api": {
          "name": "shared_commondataserviceforapps"
        }
      }
    },
    "definition": {
      "$schema": "https://schema.management.azure.com/providers/Microsoft.Logic/schemas/2016-06-01/workflowdefinition.json#",
      "contentVersion": "1.0.0.0",
      "parameters": {
        "$connections": {
          "defaultValue": {},
          "type": "Object"
        },
        "$authentication": {
          "defaultValue": {},
          "type": "SecureObject"
        }
      },
      "triggers": {
        "Assignee_Deactivated": {
          "metadata": {
            "operationMetadataId": "7a9f00e4-8a6e-4a2f-9c43-d3b6772b7f3b"
          },
          "type": "OpenApiConnectionWebhook",
          "inputs": {
            "host": {
              "apiId": "/providers/Microsoft.PowerApps/apis/shared_commondataserviceforapps",
              "connectionName": "shared_commondataserviceforapps",
              "operationId": "SubscribeWebhookTrigger"
            },
            "parameters": {
              "subscriptionRequest/message": 3,
              "subscriptionRequest/entityname": "msftpp_license_assignee",
              "subscriptionRequest/scope": 4,
              "subscriptionRequest/filteringattributes": "statecode",
              "subscriptionRequest/filterexpression": "statecode eq 1",
              "subscriptionRequest/name": "91508399-5472-ed11-9562-001dd80707d3"
            },
            "authentication": "@parameters('$authentication')"
          }
        }
      },
      "actions": {
        "List_rows_-_Assignments_for_this_Assignee": {
          "runAfter": {},
          "metadata": {
            "operationMetadataId": "e544bcc2-6f9c-45e4-b2c7-9519f0b498db"
          },
          "type": "OpenApiConnection",
          "inputs": {
            "host": {
              "apiId": "/providers/Microsoft.PowerApps/apis/shared_commondataserviceforapps",
              "connectionName": "shared_commondataserviceforapps",
              "operationId": "ListRecords"
            },
            "parameters": {
              "entityName": "msftpp_license_assignments",
              "$filter": "_msftpp_assignee_id_value eq @{triggerOutputs()?['body/msftpp_license_assigneeid']} and statecode eq 0"
            },
            "authentication": "@parameters('$authentication')"
          }
        },
        "Apply_to_each_Assignment": {
          "foreach": "@outputs('List_rows_-_Assignments_for_this_Assignee')?['body/value']",
          "actions": {
            "Deactivate_Assignment": {
              "runAfter": {},
              "metadata": {
                "operationMetadataId": "03221807-fe58-44f7-80f2-fc9edeeb32fa"
              },
              "type": "OpenApiConnection",
              "inputs": {
                "host": {
                  "apiId": "/providers/Microsoft.PowerApps/apis/shared_commondataserviceforapps",
                  "connectionName": "shared_commondataserviceforapps",
                  "operationId": "UpdateRecord"
                },
                "parameters": {
                  "entityName": "msftpp_license_assignments",
                  "recordId": "@items('Apply_to_each_Assignment')?['msftpp_license_assignmentid']",
                  "item/statecode": 1,
                  "item/statuscode": 2
                },
                "authentication": "@parameters('$authentication')"
              }
            }
          },
          "runAfter": {
            "List_rows_-_Assignments_for_this_Assignee": [
              "Succeeded"
            ]
          },
          "metadata": {
            "operationMetadataId": "0ea3a668-1016-417b-8300-80580c191bd8"
          },
          "type": "Foreach"
        }
      }
    },
    "templateName": null
  },
  "schemaVersion": "1.0.0.0"
}