{
  "properties": {
    "connectionReferences": {
      "shared_commondataserviceforapps": {
        "impersonation": {},
        "runtimeSource": "embedded",
        "connection": {
          "connectionReferenceLogicalName": "msftpp_sharedcommondataserviceforapps_2310c"
        },
        "api": {
          "name": "shared_commondataserviceforapps"
        }
      }
    },
    "definition": {
      "$schema": "https://schema.management.azure.com/providers/Microsoft.Logic/schemas/2016-06-01/workflowdefinition.json#",
      "contentVersion": "1.0.0.0",
      "parameters": {
        "$connections": {
          "defaultValue": {},
          "type": "Object"
        },
        "$authentication": {
          "defaultValue": {},
          "type": "SecureObject"
        }
      },
      "triggers": {
        "Contract_Line_Deactivated": {
          "metadata": {
            "operationMetadataId": "791efd71-1aad-4d1a-8d28-77d7163c6725"
          },
          "type": "OpenApiConnectionWebhook",
          "inputs": {
            "host": {
              "apiId": "/providers/Microsoft.PowerApps/apis/shared_commondataserviceforapps",
              "connectionName": "shared_commondataserviceforapps",
              "operationId": "SubscribeWebhookTrigger"
            },
            "parameters": {
              "subscriptionRequest/message": 3,
              "subscriptionRequest/entityname": "msftpp_license_contract_line",
              "subscriptionRequest/scope": 4,
              "subscriptionRequest/filteringattributes": "statecode",
              "subscriptionRequest/filterexpression": "statecode eq 1",
              "subscriptionRequest/name": "8ad2b741-576f-ed11-9562-001dd8070070"
            },
            "authentication": "@parameters('$authentication')"
          }
        }
      },
      "actions": {
        "List_Child_Assignments": {
          "runAfter": {},
          "metadata": {
            "operationMetadataId": "5bf2ecb4-0583-4f29-afcb-a65e19bb441b"
          },
          "type": "OpenApiConnection",
          "inputs": {
            "host": {
              "apiId": "/providers/Microsoft.PowerApps/apis/shared_commondataserviceforapps",
              "connectionName": "shared_commondataserviceforapps",
              "operationId": "ListRecords"
            },
            "parameters": {
              "entityName": "msftpp_license_assignments",
              "$filter": "statecode eq 0 and _msftpp_contract_line_id_value eq @{triggerOutputs()?['body/msftpp_license_contract_lineid']}"
            },
            "authentication": "@parameters('$authentication')"
          }
        },
        "Apply_to_Assignment": {
          "foreach": "@outputs('List_Child_Assignments')?['body/value']",
          "actions": {
            "Deactivate_Assignment_Row": {
              "runAfter": {},
              "metadata": {
                "operationMetadataId": "f2d81e9f-26d8-49f5-927b-54cc95064cea"
              },
              "type": "OpenApiConnection",
              "inputs": {
                "host": {
                  "apiId": "/providers/Microsoft.PowerApps/apis/shared_commondataserviceforapps",
                  "connectionName": "shared_commondataserviceforapps",
                  "operationId": "UpdateRecord"
                },
                "parameters": {
                  "entityName": "msftpp_license_assignments",
                  "recordId": "@items('Apply_to_Assignment')?['msftpp_license_assignmentid']",
                  "item/statecode": 1,
                  "item/statuscode": 2
                },
                "authentication": "@parameters('$authentication')"
              }
            }
          },
          "runAfter": {
            "List_Child_Assignments": [
              "Succeeded"
            ]
          },
          "metadata": {
            "operationMetadataId": "2a52fa23-8d37-4a01-aed8-1756d9a89c5b"
          },
          "type": "Foreach"
        }
      }
    },
    "templateName": null
  },
  "schemaVersion": "1.0.0.0"
}