{
  "properties": {
    "connectionReferences": {
      "shared_commondataserviceforapps_1": {
        "runtimeSource": "embedded",
        "connection": {
          "connectionReferenceLogicalName": "msftpp_sharedcommondataserviceforapps_2310c"
        },
        "api": {
          "name": "shared_commondataserviceforapps"
        }
      }
    },
    "definition": {
      "$schema": "https://schema.management.azure.com/providers/Microsoft.Logic/schemas/2016-06-01/workflowdefinition.json#",
      "contentVersion": "1.0.0.0",
      "parameters": {
        "$connections": {
          "defaultValue": {},
          "type": "Object"
        },
        "$authentication": {
          "defaultValue": {},
          "type": "SecureObject"
        }
      },
      "triggers": {
        "manual": {
          "metadata": {
            "operationMetadataId": "aa7974e4-ce36-4330-a322-a33c17895b70"
          },
          "type": "Request",
          "kind": "Button",
          "inputs": {
            "schema": {
              "type": "object",
              "properties": {
                "text": {
                  "title": "strTeamGUID",
                  "type": "string",
                  "x-ms-dynamically-added": true,
                  "description": "Enter the GUID for the Team to Notify",
                  "x-ms-content-hint": "TEXT"
                }
              },
              "required": [
                "text"
              ]
            }
          }
        }
      },
      "actions": {
        "List_team_members": {
          "runAfter": {
            "Initialize_strResponse": [
              "Succeeded"
            ]
          },
          "metadata": {
            "operationMetadataId": "6bf6dd01-7862-4b49-a289-f7cacdfc0b97"
          },
          "type": "OpenApiConnection",
          "inputs": {
            "host": {
              "connectionName": "shared_commondataserviceforapps_1",
              "operationId": "ListRecords",
              "apiId": "/providers/Microsoft.PowerApps/apis/shared_commondataserviceforapps"
            },
            "parameters": {
              "entityName": "teammemberships",
              "$filter": "teamid eq @{triggerBody()['text']}"
            },
            "authentication": {
              "type": "Raw",
              "value": "@json(decodeBase64(triggerOutputs().headers['X-MS-APIM-Tokens']))['$ConnectionKey']"
            }
          }
        },
        "Initialize_strResponse": {
          "runAfter": {
            "Initialize_strEmails": [
              "Succeeded"
            ]
          },
          "metadata": {
            "operationMetadataId": "1f2d2bb2-0294-4a2e-8624-d65408eb9ede"
          },
          "type": "InitializeVariable",
          "inputs": {
            "variables": [
              {
                "name": "strResponse",
                "type": "string"
              }
            ]
          }
        },
        "Apply_to_each": {
          "foreach": "@outputs('List_team_members')?['body/value']",
          "actions": {
            "Get_User_Record": {
              "runAfter": {},
              "metadata": {
                "operationMetadataId": "1267fddc-275b-4e24-8eef-3d47cb1ec719"
              },
              "type": "OpenApiConnection",
              "inputs": {
                "host": {
                  "connectionName": "shared_commondataserviceforapps_1",
                  "operationId": "GetItem",
                  "apiId": "/providers/Microsoft.PowerApps/apis/shared_commondataserviceforapps"
                },
                "parameters": {
                  "entityName": "systemusers",
                  "recordId": "@items('Apply_to_each')?['systemuserid']",
                  "$select": "fullname,internalemailaddress"
                },
                "authentication": {
                  "type": "Raw",
                  "value": "@json(decodeBase64(triggerOutputs().headers['X-MS-APIM-Tokens']))['$ConnectionKey']"
                }
              }
            },
            "Append_strEmails": {
              "runAfter": {
                "Get_User_Record": [
                  "Succeeded"
                ]
              },
              "metadata": {
                "operationMetadataId": "95f11acd-23c9-4fe7-9c73-114c9843b045"
              },
              "type": "AppendToStringVariable",
              "inputs": {
                "name": "strEmails",
                "value": "@{outputs('Get_User_Record')?['body/internalemailaddress']};"
              }
            }
          },
          "runAfter": {
            "List_team_members": [
              "Succeeded"
            ]
          },
          "metadata": {
            "operationMetadataId": "5eb9cefa-a311-418c-9229-bc9484a7f7bc"
          },
          "type": "Foreach",
          "runtimeConfiguration": {
            "concurrency": {
              "repetitions": 1
            }
          }
        },
        "Respond_to_a_PowerApp_or_flow": {
          "runAfter": {
            "Set_strResponse": [
              "Succeeded"
            ]
          },
          "metadata": {
            "operationMetadataId": "50d6aed7-308e-46cd-b92c-8120da75fe44"
          },
          "type": "Response",
          "kind": "PowerApp",
          "inputs": {
            "statusCode": 200,
            "body": {
              "emailaddresses": "@variables('strResponse')"
            },
            "schema": {
              "type": "object",
              "properties": {
                "emailaddresses": {
                  "title": "EmailAddresses",
                  "x-ms-dynamically-added": true,
                  "type": "string"
                }
              }
            }
          }
        },
        "Initialize_strEmails": {
          "runAfter": {},
          "metadata": {
            "operationMetadataId": "aa299f76-6131-4a6c-9a97-c521ce7d1053"
          },
          "type": "InitializeVariable",
          "inputs": {
            "variables": [
              {
                "name": "strEmails",
                "type": "string"
              }
            ]
          }
        },
        "Set_strResponse": {
          "runAfter": {
            "Apply_to_each": [
              "Succeeded"
            ]
          },
          "metadata": {
            "operationMetadataId": "ce0d0f4e-e9c8-4b5c-890e-084831e8975c"
          },
          "type": "SetVariable",
          "inputs": {
            "name": "strResponse",
            "value": "@variables('strEmails')"
          }
        }
      },
      "outputs": {}
    },
    "templateName": ""
  },
  "schemaVersion": "1.0.0.0"
}