<ImportExportXml version="9.2.22121.172" SolutionPackageVersion="9.2" languagecode="1033" generatedBy="CrmLive" xmlns:xsi="http://www.w3.org/2001/XMLSchema-instance">
  <SolutionManifest>
    <UniqueName>LicenseAssignment</UniqueName>
    <LocalizedNames>
      <LocalizedName description="License Assignment" languagecode="1033" />
    </LocalizedNames>
    <Descriptions />
    <Version>2.0.0.18</Version>
    <Managed>0</Managed>
    <Publisher>
      <UniqueName>MSFTPowerPlatform</UniqueName>
      <LocalizedNames>
        <LocalizedName description="MSFT Power Platform" languagecode="1033" />
      </LocalizedNames>
      <Descriptions />
      <EMailAddress xsi:nil="true"></EMailAddress>
      <SupportingWebsiteUrl xsi:nil="true"></SupportingWebsiteUrl>
      <CustomizationPrefix>msftpp</CustomizationPrefix>
      <CustomizationOptionValuePrefix>31772</CustomizationOptionValuePrefix>
      <Addresses>
        <Address>
          <AddressNumber>1</AddressNumber>
          <AddressTypeCode>1</AddressTypeCode>
          <City xsi:nil="true"></City>
          <County xsi:nil="true"></County>
          <Country xsi:nil="true"></Country>
          <Fax xsi:nil="true"></Fax>
          <FreightTermsCode xsi:nil="true"></FreightTermsCode>
          <ImportSequenceNumber xsi:nil="true"></ImportSequenceNumber>
          <Latitude xsi:nil="true"></Latitude>
          <Line1 xsi:nil="true"></Line1>
          <Line2 xsi:nil="true"></Line2>
          <Line3 xsi:nil="true"></Line3>
          <Longitude xsi:nil="true"></Longitude>
          <Name xsi:nil="true"></Name>
          <PostalCode xsi:nil="true"></PostalCode>
          <PostOfficeBox xsi:nil="true"></PostOfficeBox>
          <PrimaryContactName xsi:nil="true"></PrimaryContactName>
          <ShippingMethodCode>1</ShippingMethodCode>
          <StateOrProvince xsi:nil="true"></StateOrProvince>
          <Telephone1 xsi:nil="true"></Telephone1>
          <Telephone2 xsi:nil="true"></Telephone2>
          <Telephone3 xsi:nil="true"></Telephone3>
          <TimeZoneRuleVersionNumber xsi:nil="true"></TimeZoneRuleVersionNumber>
          <UPSZone xsi:nil="true"></UPSZone>
          <UTCOffset xsi:nil="true"></UTCOffset>
          <UTCConversionTimeZoneCode xsi:nil="true"></UTCConversionTimeZoneCode>
        </Address>
        <Address>
          <AddressNumber>2</AddressNumber>
          <AddressTypeCode>1</AddressTypeCode>
          <City xsi:nil="true"></City>
          <County xsi:nil="true"></County>
          <Country xsi:nil="true"></Country>
          <Fax xsi:nil="true"></Fax>
          <FreightTermsCode xsi:nil="true"></FreightTermsCode>
          <ImportSequenceNumber xsi:nil="true"></ImportSequenceNumber>
          <Latitude xsi:nil="true"></Latitude>
          <Line1 xsi:nil="true"></Line1>
          <Line2 xsi:nil="true"></Line2>
          <Line3 xsi:nil="true"></Line3>
          <Longitude xsi:nil="true"></Longitude>
          <Name xsi:nil="true"></Name>
          <PostalCode xsi:nil="true"></PostalCode>
          <PostOfficeBox xsi:nil="true"></PostOfficeBox>
          <PrimaryContactName xsi:nil="true"></PrimaryContactName>
          <ShippingMethodCode>1</ShippingMethodCode>
          <StateOrProvince xsi:nil="true"></StateOrProvince>
          <Telephone1 xsi:nil="true"></Telephone1>
          <Telephone2 xsi:nil="true"></Telephone2>
          <Telephone3 xsi:nil="true"></Telephone3>
          <TimeZoneRuleVersionNumber xsi:nil="true"></TimeZoneRuleVersionNumber>
          <UPSZone xsi:nil="true"></UPSZone>
          <UTCOffset xsi:nil="true"></UTCOffset>
          <UTCConversionTimeZoneCode xsi:nil="true"></UTCConversionTimeZoneCode>
        </Address>
      </Addresses>
    </Publisher>
    <RootComponents>
      <RootComponent type="1" schemaName="msftpp_license_admin_setting" behavior="0" />
      <RootComponent type="1" schemaName="msftpp_license_assignee" behavior="0" />
      <RootComponent type="1" schemaName="msftpp_license_assignment" behavior="0" />
      <RootComponent type="1" schemaName="msftpp_license_contract" behavior="0" />
      <RootComponent type="1" schemaName="msftpp_license_contract_line" behavior="0" />
      <RootComponent type="1" schemaName="msftpp_license_cost_center" behavior="0" />
      <RootComponent type="1" schemaName="msftpp_license_request" behavior="0" />
      <RootComponent type="1" schemaName="systemuser" behavior="1" />
      <RootComponent type="20" id="{1a4a13fa-de70-ed11-9562-001dd80707d3}" behavior="0" />
      <RootComponent type="20" id="{bd405a9a-de70-ed11-9562-001dd80707d3}" behavior="0" />
      <RootComponent type="20" id="{f31b2bf6-c570-ed11-9562-001dd8070070}" behavior="0" />
      <RootComponent type="29" id="{18f139a0-426f-ed11-9562-001dd8070070}" behavior="0" />
      <RootComponent type="29" id="{35f875b1-5272-ed11-9562-001dd8070070}" behavior="0" />
      <RootComponent type="29" id="{3e0cb95e-596f-ed11-9562-001dd80707d3}" behavior="0" />
      <RootComponent type="29" id="{45c7d5d7-426b-ed11-9562-001dd8070070}" behavior="0" />
      <RootComponent type="29" id="{49f4cc27-426b-ed11-9562-001dd80707d3}" behavior="0" />
      <RootComponent type="29" id="{5216c182-f677-ed11-81aa-001dd80707d3}" behavior="0" />
      <RootComponent type="29" id="{5308ff24-bf71-ed11-9562-001dd80707d3}" behavior="0" />
      <RootComponent type="29" id="{82cbedb1-326f-ed11-9562-001dd8070070}" behavior="0" />
      <RootComponent type="29" id="{8ad2b741-576f-ed11-9562-001dd8070070}" behavior="0" />
      <RootComponent type="29" id="{91508399-5472-ed11-9562-001dd80707d3}" behavior="0" />
      <RootComponent type="29" id="{95f0bbf2-796a-ed11-9562-001dd8070070}" behavior="0" />
      <RootComponent type="29" id="{9d192f9a-7a6a-ed11-9562-001dd80707d3}" behavior="0" />
      <RootComponent type="29" id="{a57f3b56-b4ce-eb11-bacc-0022481d0991}" behavior="0" />
      <RootComponent type="29" id="{bda9b522-566f-ed11-9562-001dd8070070}" behavior="0" />
      <RootComponent type="29" id="{c2b4e186-236f-ed11-9562-001dd8070070}" behavior="0" />
      <RootComponent type="29" id="{d1a2112b-4f6f-ed11-9562-001dd8070070}" behavior="0" />
      <RootComponent type="29" id="{f71b1109-eb6f-ed11-9562-001dd8070070}" behavior="0" />
      <RootComponent type="60" id="{3408a2ec-fb6f-ed11-9562-001dd80707d3}" behavior="0" />
      <RootComponent type="60" id="{eb6e374a-fb6f-ed11-9562-001dd80707d3}" behavior="0" />
      <RootComponent type="61" schemaName="msftpp_app_icon.svg" behavior="0" />
      <RootComponent type="61" schemaName="msftpp_assignee.svg" behavior="0" />
      <RootComponent type="61" schemaName="msftpp_assignment.svg" behavior="0" />
      <RootComponent type="61" schemaName="msftpp_contract.svg" behavior="0" />
      <RootComponent type="61" schemaName="msftpp_contractline.svg" behavior="0" />
      <RootComponent type="61" schemaName="msftpp_costcenter.svg" behavior="0" />
      <RootComponent type="61" schemaName="msftpp_LicenseAssignment.js" behavior="0" />
      <RootComponent type="61" schemaName="msftpp_license_request.svg" behavior="0" />
      <RootComponent type="61" schemaName="msftpp_settings.svg" behavior="0" />
      <RootComponent type="61" schemaName="msftpp_Utility.js" behavior="0" />
      <RootComponent type="62" schemaName="msftpp_LicenseContracts" behavior="0" />
      <RootComponent type="80" schemaName="msftpp_LicenseContracts" behavior="0" />
      <RootComponent type="91" id="{246ee4ee-d912-4e50-a1c6-072aed99b56a}" schemaName="MSFTPP.WorkflowActivities, Version=1.0.0.0, Culture=neutral, PublicKeyToken=d599997ce6a4a0f0" behavior="0" />
      <RootComponent type="300" schemaName="msftpp_mylicenseassignments_bb241" behavior="0" />
      <RootComponent type="300" schemaName="msftpp_mylicensestablet_b2d86" behavior="0" />
    </RootComponents>
    <MissingDependencies>
      <MissingDependency>
        <Required type="66" schemaName="MscrmControls.Grid.GridControl" displayName="MscrmControls.Grid.GridControl" solution="BaseCustomControlsCore (9.0.2211.4023)" />
        <Dependent type="60" displayName="Contract" parentDisplayName="License Contract" id="{41c1c34b-4402-4d55-84f3-860908063c8a}" />
      </MissingDependency>
      <MissingDependency>
        <Required type="66" schemaName="MscrmControls.Grid.GridControl" displayName="MscrmControls.Grid.GridControl" solution="BaseCustomControlsCore (9.0.2211.4023)" />
        <Dependent type="60" displayName="Contract Line" parentDisplayName="License Contract Line" id="{6dd2412e-c7cc-4ae5-978a-960cb152b1be}" />
      </MissingDependency>
      <MissingDependency>
        <Required type="SettingDefinition" displayName="AllowNotificationsEarlyAccess" solution="AppNotifications (10.0.0.10)" id.uniquename="AllowNotificationsEarlyAccess" />
        <Dependent type="AppSetting" displayName="parentappmoduleid.uniquename=msftpp_LicenseContracts,settingdefinitionid.uniquename=AllowNotificationsEarlyAccess" id.parentappmoduleid.uniquename="msftpp_LicenseContracts" id.settingdefinitionid.uniquename="AllowNotificationsEarlyAccess" />
      </MissingDependency>
      <MissingDependency>
        <Required type="SettingDefinition" displayName="ServerMode" solution="SettingDefinitionsData (9.1.22112.221109001)" id.uniquename="ServerMode" />
        <Dependent type="AppSetting" displayName="parentappmoduleid.uniquename=msftpp_LicenseContracts,settingdefinitionid.uniquename=ServerMode" id.parentappmoduleid.uniquename="msftpp_LicenseContracts" id.settingdefinitionid.uniquename="ServerMode" />
      </MissingDependency>
    </MissingDependencies>
  </SolutionManifest>
</ImportExportXml>