{
  "properties": {
    "connectionReferences": {
      "shared_commondataserviceforapps": {
        "impersonation": {},
        "runtimeSource": "embedded",
        "connection": {
          "connectionReferenceLogicalName": "msftpp_sharedcommondataserviceforapps_2310c"
        },
        "api": {
          "name": "shared_commondataserviceforapps"
        }
      }
    },
    "definition": {
      "$schema": "https://schema.management.azure.com/providers/Microsoft.Logic/schemas/2016-06-01/workflowdefinition.json#",
      "contentVersion": "1.0.0.0",
      "parameters": {
        "$connections": {
          "defaultValue": {},
          "type": "Object"
        },
        "$authentication": {
          "defaultValue": {},
          "type": "SecureObject"
        }
      },
      "triggers": {
        "manual": {
          "metadata": {
            "operationMetadataId": "976aa9ca-94de-459d-a7fa-4f45db90a61a"
          },
          "type": "Request",
          "kind": "Button",
          "inputs": {
            "schema": {
              "type": "object",
              "properties": {},
              "required": []
            }
          }
        }
      },
      "actions": {
        "Check_Settings_for_Reminder_rows": {
          "runAfter": {},
          "metadata": {
            "operationMetadataId": "4b27686a-cdfa-4373-b289-88407a76601b"
          },
          "type": "OpenApiConnection",
          "inputs": {
            "host": {
              "apiId": "/providers/Microsoft.PowerApps/apis/shared_commondataserviceforapps",
              "connectionName": "shared_commondataserviceforapps",
              "operationId": "ListRecords"
            },
            "parameters": {
              "entityName": "msftpp_license_admin_settings",
              "$filter": "contains(msftpp_setting_name,'reminder')"
            },
            "authentication": "@parameters('$authentication')"
          }
        },
        "Condition": {
          "actions": {
            "Add_a_new_Reminder_-_180": {
              "runAfter": {},
              "metadata": {
                "operationMetadataId": "bfe90160-d43a-4730-9d66-6773f21b2da5"
              },
              "type": "OpenApiConnection",
              "inputs": {
                "host": {
                  "apiId": "/providers/Microsoft.PowerApps/apis/shared_commondataserviceforapps",
                  "connectionName": "shared_commondataserviceforapps",
                  "operationId": "CreateRecord"
                },
                "parameters": {
                  "entityName": "msftpp_license_admin_settings",
                  "item/msftpp_setting_name": "Reminder - 180 Days",
                  "item/msftpp_int_value": 180
                },
                "authentication": "@parameters('$authentication')"
              }
            },
            "Add_a_new_Reminder_-_90": {
              "runAfter": {
                "Add_a_new_Reminder_-_180": [
                  "Succeeded"
                ]
              },
              "metadata": {
                "operationMetadataId": "62faba47-e6d6-4e9f-a21b-498550107894"
              },
              "type": "OpenApiConnection",
              "inputs": {
                "host": {
                  "apiId": "/providers/Microsoft.PowerApps/apis/shared_commondataserviceforapps",
                  "connectionName": "shared_commondataserviceforapps",
                  "operationId": "CreateRecord"
                },
                "parameters": {
                  "entityName": "msftpp_license_admin_settings",
                  "item/msftpp_setting_name": "Reminder - 90 Days",
                  "item/msftpp_int_value": 90
                },
                "authentication": "@parameters('$authentication')"
              }
            },
            "Add_a_new_Reminder_-_30": {
              "runAfter": {
                "Add_a_new_Reminder_-_90": [
                  "Succeeded"
                ]
              },
              "metadata": {
                "operationMetadataId": "9123deeb-815d-466c-9dbb-acb333a730fa"
              },
              "type": "OpenApiConnection",
              "inputs": {
                "host": {
                  "apiId": "/providers/Microsoft.PowerApps/apis/shared_commondataserviceforapps",
                  "connectionName": "shared_commondataserviceforapps",
                  "operationId": "CreateRecord"
                },
                "parameters": {
                  "entityName": "msftpp_license_admin_settings",
                  "item/msftpp_setting_name": "Reminder - 30 Days",
                  "item/msftpp_int_value": 30
                },
                "authentication": "@parameters('$authentication')"
              }
            },
            "Add_a_new_Reminder_-_7": {
              "runAfter": {
                "Add_a_new_Reminder_-_30": [
                  "Succeeded"
                ]
              },
              "metadata": {
                "operationMetadataId": "596de05a-885d-4574-bd25-4b8c745ee7a0"
              },
              "type": "OpenApiConnection",
              "inputs": {
                "host": {
                  "apiId": "/providers/Microsoft.PowerApps/apis/shared_commondataserviceforapps",
                  "connectionName": "shared_commondataserviceforapps",
                  "operationId": "CreateRecord"
                },
                "parameters": {
                  "entityName": "msftpp_license_admin_settings",
                  "item/msftpp_setting_name": "Reminder - 7 Days",
                  "item/msftpp_int_value": 7
                },
                "authentication": "@parameters('$authentication')"
              }
            }
          },
          "runAfter": {
            "Rows_Returned": [
              "Succeeded"
            ]
          },
          "expression": {
            "equals": [
              "@length(outputs('Check_Settings_for_Reminder_rows')?['body/value'])",
              0
            ]
          },
          "metadata": {
            "operationMetadataId": "dadf676c-ea9e-4006-8886-ea7685d79b04"
          },
          "type": "If"
        },
        "Rows_Returned": {
          "runAfter": {
            "Check_Settings_for_Reminder_rows": [
              "Succeeded"
            ]
          },
          "metadata": {
            "operationMetadataId": "879c754f-a27d-4db4-8ce7-5ad48bd156eb"
          },
          "type": "Compose",
          "inputs": "@length(outputs('Check_Settings_for_Reminder_rows')?['body/value'])"
        },
        "Respond_to_a_PowerApp_or_flow": {
          "runAfter": {
            "Condition": [
              "Succeeded"
            ]
          },
          "metadata": {
            "operationMetadataId": "eb23712a-d05e-4012-a6cf-85eb640cdd1d"
          },
          "type": "Response",
          "kind": "PowerApp",
          "inputs": {
            "statusCode": 200,
            "body": {},
            "schema": {
              "type": "object",
              "properties": {}
            }
          }
        }
      }
    },
    "templateName": null
  },
  "schemaVersion": "1.0.0.0"
}