{
  "properties": {
    "connectionReferences": {
      "shared_commondataserviceforapps": {
        "runtimeSource": "embedded",
        "connection": {
          "connectionReferenceLogicalName": "msftpp_sharedcommondataserviceforapps_2310c"
        },
        "api": {
          "name": "shared_commondataserviceforapps"
        }
      },
      "shared_office365_1": {
        "runtimeSource": "embedded",
        "connection": {
          "connectionReferenceLogicalName": "msftpp_MSFTPPCROutlook2310c"
        },
        "api": {
          "name": "shared_office365"
        }
      }
    },
    "definition": {
      "$schema": "https://schema.management.azure.com/providers/Microsoft.Logic/schemas/2016-06-01/workflowdefinition.json#",
      "contentVersion": "1.0.0.0",
      "parameters": {
        "$connections": {
          "defaultValue": {},
          "type": "Object"
        },
        "$authentication": {
          "defaultValue": {},
          "type": "SecureObject"
        }
      },
      "triggers": {
        "Recurrence": {
          "recurrence": {
            "frequency": "Day",
            "interval": 1,
            "timeZone": "UTC",
            "schedule": {
              "hours": [
                "3"
              ],
              "minutes": [
                15
              ]
            }
          },
          "metadata": {
            "operationMetadataId": "707cd4df-8580-457b-853e-345a2438aa09"
          },
          "type": "Recurrence"
        }
      },
      "actions": {
        "List_Expiring_Contracts": {
          "runAfter": {
            "Initialize_strEmailSubject": [
              "Succeeded"
            ]
          },
          "metadata": {
            "operationMetadataId": "5f3e9dfa-4097-4419-8eee-aefbd3a9ef2a"
          },
          "type": "OpenApiConnection",
          "inputs": {
            "host": {
              "connectionName": "shared_commondataserviceforapps",
              "operationId": "ListRecords",
              "apiId": "/providers/Microsoft.PowerApps/apis/shared_commondataserviceforapps"
            },
            "parameters": {
              "entityName": "msftpp_license_contracts",
              "$filter": "msftpp_next_reminder_date lt @{utcNow()} and statuscode ne 317720002 and statecode eq 0"
            },
            "authentication": "@parameters('$authentication')"
          }
        },
        "Apply_to_each": {
          "foreach": "@outputs('List_Expiring_Contracts')?['body/value']",
          "actions": {
            "Set_intNumRemainderDays": {
              "runAfter": {},
              "metadata": {
                "operationMetadataId": "0e9adaab-6ded-48d0-b508-cba954abf4ce"
              },
              "type": "SetVariable",
              "inputs": {
                "name": "intNumReminderDays",
                "value": "@div(sub(ticks(items('Apply_to_each')?['msftpp_expiry_date']),ticks(utcNow())),864000000000)"
              }
            },
            "Set_number_of_days_as_a_String": {
              "runAfter": {
                "Set_intNumRemainderDays": [
                  "Succeeded"
                ]
              },
              "metadata": {
                "operationMetadataId": "44e05e98-0ed0-4bc1-ae9c-114e0ece1450"
              },
              "type": "SetVariable",
              "inputs": {
                "name": "strExpiryNumDays",
                "value": "@{variables('intNumReminderDays')}"
              }
            },
            "Check_if_Expiry_Date_has_already_passed": {
              "actions": {
                "Set_Email_Subject": {
                  "runAfter": {},
                  "metadata": {
                    "operationMetadataId": "c37394b1-2ed7-47f0-9f05-81e639577178"
                  },
                  "type": "SetVariable",
                  "inputs": {
                    "name": "strEmailSubject",
                    "value": "Contract is Expired!"
                  }
                },
                "Set_Email_Body": {
                  "runAfter": {
                    "Set_Email_Subject": [
                      "Succeeded"
                    ]
                  },
                  "metadata": {
                    "operationMetadataId": "3854b140-f162-446b-93ab-2492a533eb55"
                  },
                  "type": "SetVariable",
                  "inputs": {
                    "name": "strEmailBody",
                    "value": "<p>A contract where you are assigned as the owner has <strong>EXPIRED!</strong>  Please review this contract ASAP for renewal.<br>\n<br>\nContract: @{items('Apply_to_each')?['msftpp_contract_name']} <br>\nExpired on: @{items('Apply_to_each')?['msftpp_expiry_date']} <br>\n<br>\n<a href=@{items('Apply_to_each')?['msftpp_record_url']}>Click here to review contract</a></p>"
                  }
                },
                "Check_if_Status_Reason_is_NOT_set_to_Expired": {
                  "actions": {
                    "Update_-_Set_Status_to_Expired": {
                      "runAfter": {},
                      "metadata": {
                        "operationMetadataId": "d1e5fc51-9b98-4ba6-889b-80ea745056af"
                      },
                      "type": "OpenApiConnection",
                      "inputs": {
                        "host": {
                          "connectionName": "shared_commondataserviceforapps",
                          "operationId": "UpdateRecord",
                          "apiId": "/providers/Microsoft.PowerApps/apis/shared_commondataserviceforapps"
                        },
                        "parameters": {
                          "entityName": "msftpp_license_contracts",
                          "recordId": "@items('Apply_to_each')?['msftpp_license_contractid']",
                          "item/statuscode": 317720001
                        },
                        "authentication": "@parameters('$authentication')"
                      }
                    }
                  },
                  "runAfter": {
                    "Set_Email_Body": [
                      "Succeeded"
                    ]
                  },
                  "expression": {
                    "not": {
                      "equals": [
                        "@items('Apply_to_each')?['statuscode']",
                        317720001
                      ]
                    }
                  },
                  "metadata": {
                    "operationMetadataId": "dd685aa3-6c80-45af-8728-526f7569cd1b"
                  },
                  "type": "If"
                }
              },
              "runAfter": {
                "Check_Owner_Type_if_Team_or_User": [
                  "Succeeded"
                ]
              },
              "else": {
                "actions": {
                  "Set_Email_Subject_with_Expiry_Days": {
                    "runAfter": {},
                    "metadata": {
                      "operationMetadataId": "ddc47773-fbf6-4e2b-a8f0-ebc420273c9d"
                    },
                    "type": "SetVariable",
                    "inputs": {
                      "name": "strEmailSubject",
                      "value": "Contract will Expire in [@{variables('strExpiryNumDays')}] days!"
                    }
                  },
                  "Set_Email_Body_with_Expiry_Days": {
                    "runAfter": {
                      "Set_Email_Subject_with_Expiry_Days": [
                        "Succeeded"
                      ]
                    },
                    "metadata": {
                      "operationMetadataId": "370e8884-3d93-42aa-b68a-119d0e8002ce"
                    },
                    "type": "SetVariable",
                    "inputs": {
                      "name": "strEmailBody",
                      "value": "<p>A contract where you are assigned as the owner will expire in <strong>[@{variables('strExpiryNumDays')}]</strong> days.  Please review this contract ASAP for renewal.<br>\n<br>\nContract: @{items('Apply_to_each')?['msftpp_contract_name']} <br>\nExpires on: @{items('Apply_to_each')?['msftpp_expiry_date']} <br>\n<br>\n<a href=@{items('Apply_to_each')?['msftpp_record_url']}>Click here to review contract</a></p>"
                    }
                  },
                  "Get_next_setting_for_reminder_days": {
                    "runAfter": {
                      "Set_Email_Body_with_Expiry_Days": [
                        "Succeeded"
                      ]
                    },
                    "metadata": {
                      "operationMetadataId": "1a6a73e5-f220-4e1d-b8ab-e3a34e1f8994"
                    },
                    "type": "OpenApiConnection",
                    "inputs": {
                      "host": {
                        "connectionName": "shared_commondataserviceforapps",
                        "operationId": "ListRecords",
                        "apiId": "/providers/Microsoft.PowerApps/apis/shared_commondataserviceforapps"
                      },
                      "parameters": {
                        "entityName": "msftpp_license_admin_settings",
                        "$filter": "(contains(msftpp_setting_name,'reminder') and msftpp_int_value ne null and msftpp_int_value lt @{variables('intNumReminderDays')})",
                        "$orderby": "msftpp_int_value desc",
                        "$top": 1
                      },
                      "authentication": "@parameters('$authentication')"
                    }
                  },
                  "Apply_to_Setting": {
                    "foreach": "@outputs('Get_next_setting_for_reminder_days')?['body/value']",
                    "actions": {
                      "Update_Next_Reminder_Days": {
                        "runAfter": {},
                        "metadata": {
                          "operationMetadataId": "89e628cd-4a24-4497-b66d-f6758abdce32"
                        },
                        "type": "OpenApiConnection",
                        "inputs": {
                          "host": {
                            "connectionName": "shared_commondataserviceforapps",
                            "operationId": "UpdateRecord",
                            "apiId": "/providers/Microsoft.PowerApps/apis/shared_commondataserviceforapps"
                          },
                          "parameters": {
                            "entityName": "msftpp_license_contracts",
                            "recordId": "@items('Apply_to_each')?['msftpp_license_contractid']",
                            "item/msftpp_next_reminder_days": "@items('Apply_to_Setting')?['msftpp_int_value']"
                          },
                          "authentication": "@parameters('$authentication')"
                        }
                      }
                    },
                    "runAfter": {
                      "Get_next_setting_for_reminder_days": [
                        "Succeeded"
                      ]
                    },
                    "metadata": {
                      "operationMetadataId": "07f33264-8860-454f-864f-1627dd01aeb2"
                    },
                    "type": "Foreach"
                  }
                }
              },
              "expression": {
                "less": [
                  "@items('Apply_to_each')?['msftpp_expiry_date']",
                  "@utcNow()"
                ]
              },
              "metadata": {
                "operationMetadataId": "b0caef6f-191e-4c7f-a031-92c2f03a9f46"
              },
              "type": "If"
            },
            "Compose": {
              "runAfter": {
                "Set_number_of_days_as_a_String": [
                  "Succeeded"
                ]
              },
              "metadata": {
                "operationMetadataId": "4d157683-caf1-4321-a1a2-562d4b726939"
              },
              "type": "Compose",
              "inputs": "@items('Apply_to_each')?['_ownerid_value@Microsoft.Dynamics.CRM.lookuplogicalname']"
            },
            "Check_Owner_Type_if_Team_or_User": {
              "actions": {
                "Get_Emails_for_Team_Members": {
                  "runAfter": {},
                  "metadata": {
                    "operationMetadataId": "c83a59cf-cdab-4abe-8800-91396806e6d4"
                  },
                  "type": "Workflow",
                  "inputs": {
                    "host": {
                      "workflowReferenceName": "a57f3b56-b4ce-eb11-bacc-0022481d0991"
                    },
                    "body": {
                      "text": "@items('Apply_to_each')?['_ownerid_value']"
                    }
                  }
                },
                "Set_strEmailToLine_to_Team_Members": {
                  "runAfter": {
                    "Get_Emails_for_Team_Members": [
                      "Succeeded"
                    ]
                  },
                  "metadata": {
                    "operationMetadataId": "69ddd5c4-ded5-4167-8014-80d931701aa8"
                  },
                  "type": "SetVariable",
                  "inputs": {
                    "name": "strEmailToLine",
                    "value": "@{body('Get_Emails_for_Team_Members')?['emailaddresses']}"
                  }
                }
              },
              "runAfter": {
                "Compose": [
                  "Succeeded"
                ]
              },
              "else": {
                "actions": {
                  "Get_User_Record_of_Owner": {
                    "runAfter": {},
                    "metadata": {
                      "operationMetadataId": "547bd23d-2726-42bc-9760-4e1203f5b9c8"
                    },
                    "type": "OpenApiConnection",
                    "inputs": {
                      "host": {
                        "connectionName": "shared_commondataserviceforapps",
                        "operationId": "GetItem",
                        "apiId": "/providers/Microsoft.PowerApps/apis/shared_commondataserviceforapps"
                      },
                      "parameters": {
                        "entityName": "systemusers",
                        "recordId": "@items('Apply_to_each')?['_ownerid_value']",
                        "$select": "internalemailaddress"
                      },
                      "authentication": "@parameters('$authentication')"
                    }
                  },
                  "Set_strEmailToLine_to_User": {
                    "runAfter": {
                      "Get_User_Record_of_Owner": [
                        "Succeeded"
                      ]
                    },
                    "metadata": {
                      "operationMetadataId": "51b7a20c-c898-4401-9cf2-c09b86c7f4d0"
                    },
                    "type": "SetVariable",
                    "inputs": {
                      "name": "strEmailToLine",
                      "value": "@outputs('Get_User_Record_of_Owner')?['body/internalemailaddress']"
                    }
                  }
                }
              },
              "expression": {
                "equals": [
                  "@items('Apply_to_each')?['_ownerid_value@Microsoft.Dynamics.CRM.lookuplogicalname']",
                  "team"
                ]
              },
              "metadata": {
                "operationMetadataId": "f962bc55-e89f-4702-8144-16195dcf4331"
              },
              "type": "If"
            },
            "Send_an_email_from_a_shared_mailbox_(V2)": {
              "runAfter": {
                "Check_if_Expiry_Date_has_already_passed": [
                  "Succeeded"
                ]
              },
              "metadata": {
                "operationMetadataId": "31623085-a89b-4d07-b99d-7c3600c17f14"
              },
              "type": "OpenApiConnection",
              "inputs": {
                "host": {
                  "connectionName": "shared_office365_1",
                  "operationId": "SharedMailboxSendEmailV2",
                  "apiId": "/providers/Microsoft.PowerApps/apis/shared_office365"
                },
                "parameters": {
                  "emailMessage/MailboxAddress": "resetme@email.com",
                  "emailMessage/To": "@variables('strEmailToLine')",
                  "emailMessage/Subject": "@variables('strEmailSubject')",
                  "emailMessage/Body": "<p>@{variables('strEmailBody')}</p>",
                  "emailMessage/Importance": "Normal"
                },
                "authentication": "@parameters('$authentication')"
              }
            }
          },
          "runAfter": {
            "List_Expiring_Contracts": [
              "Succeeded"
            ]
          },
          "metadata": {
            "operationMetadataId": "ef67ea1d-3f4d-4dcc-9b31-498d5da1c0ec"
          },
          "type": "Foreach",
          "runtimeConfiguration": {
            "concurrency": {
              "repetitions": 1
            }
          }
        },
        "Initialize_strExpiryNumDays": {
          "runAfter": {},
          "metadata": {
            "operationMetadataId": "093aee25-7d7c-4f76-ac83-d0ae79c08efe"
          },
          "type": "InitializeVariable",
          "inputs": {
            "variables": [
              {
                "name": "strExpiryNumDays",
                "type": "string"
              }
            ]
          }
        },
        "Initialize_intNumReminderDays": {
          "runAfter": {
            "Initialize_strExpiryNumDays": [
              "Succeeded"
            ]
          },
          "metadata": {
            "operationMetadataId": "dc559c7d-65dd-47e1-9516-9d2b9b97977b"
          },
          "type": "InitializeVariable",
          "inputs": {
            "variables": [
              {
                "name": "intNumReminderDays",
                "type": "integer"
              }
            ]
          }
        },
        "Initialize_strEmailToLine": {
          "runAfter": {
            "Initialize_intNumReminderDays": [
              "Succeeded"
            ]
          },
          "metadata": {
            "operationMetadataId": "e10dacb7-12d4-45d2-9bae-3506047d65f8"
          },
          "type": "InitializeVariable",
          "inputs": {
            "variables": [
              {
                "name": "strEmailToLine",
                "type": "string"
              }
            ]
          }
        },
        "Initialize_strEmailBody": {
          "runAfter": {
            "Initialize_strEmailToLine": [
              "Succeeded"
            ]
          },
          "metadata": {
            "operationMetadataId": "1a36300c-42c8-4559-b1b9-8538030da0d6"
          },
          "type": "InitializeVariable",
          "inputs": {
            "variables": [
              {
                "name": "strEmailBody",
                "type": "string"
              }
            ]
          }
        },
        "Initialize_strEmailSubject": {
          "runAfter": {
            "Initialize_strEmailBody": [
              "Succeeded"
            ]
          },
          "metadata": {
            "operationMetadataId": "fd5d454c-3c45-4d03-9d7e-fbce0c3f2f5f"
          },
          "type": "InitializeVariable",
          "inputs": {
            "variables": [
              {
                "name": "strEmailSubject",
                "type": "string"
              }
            ]
          }
        }
      },
      "outputs": {}
    },
    "templateName": ""
  },
  "schemaVersion": "1.0.0.0"
}