{
  "properties": {
    "connectionReferences": {
      "shared_commondataserviceforapps": {
        "runtimeSource": "embedded",
        "connection": {
          "connectionReferenceLogicalName": "msftpp_sharedcommondataserviceforapps_2310c"
        },
        "api": {
          "name": "shared_commondataserviceforapps"
        }
      },
      "shared_office365_1": {
        "runtimeSource": "embedded",
        "connection": {
          "connectionReferenceLogicalName": "msftpp_MSFTPPCROutlook2310c"
        },
        "api": {
          "name": "shared_office365"
        }
      }
    },
    "definition": {
      "$schema": "https://schema.management.azure.com/providers/Microsoft.Logic/schemas/2016-06-01/workflowdefinition.json#",
      "contentVersion": "1.0.0.0",
      "parameters": {
        "$connections": {
          "defaultValue": {},
          "type": "Object"
        },
        "$authentication": {
          "defaultValue": {},
          "type": "SecureObject"
        }
      },
      "triggers": {
        "Recurrence": {
          "recurrence": {
            "frequency": "Day",
            "interval": 1,
            "startTime": "2022-11-29T08:15:00Z"
          },
          "metadata": {
            "operationMetadataId": "efec9501-89fa-4c66-9d86-657d4a9d3853"
          },
          "type": "Recurrence"
        }
      },
      "actions": {
        "Initialize_strEmailOpener": {
          "runAfter": {},
          "metadata": {
            "operationMetadataId": "9834affd-63b1-4a16-818d-b9d82319cd85"
          },
          "type": "InitializeVariable",
          "inputs": {
            "variables": [
              {
                "name": "strEmailOpener",
                "type": "string"
              }
            ]
          }
        },
        "List_Contract_Lines": {
          "runAfter": {
            "Initialize_strEmailToLine": [
              "Succeeded"
            ]
          },
          "metadata": {
            "operationMetadataId": "de09f5a7-58d5-43a2-9f3a-2c7bd700cf74"
          },
          "type": "OpenApiConnection",
          "inputs": {
            "host": {
              "connectionName": "shared_commondataserviceforapps",
              "operationId": "ListRecords",
              "apiId": "/providers/Microsoft.PowerApps/apis/shared_commondataserviceforapps"
            },
            "parameters": {
              "entityName": "msftpp_license_contract_lines",
              "$filter": "statecode eq 0 and msftpp_assigned_pct gt msftpp_notify_threshold_pct"
            },
            "authentication": "@parameters('$authentication')"
          }
        },
        "Initialize_strEmailToLine": {
          "runAfter": {
            "Initialize_strEmailOpener": [
              "Succeeded"
            ]
          },
          "metadata": {
            "operationMetadataId": "9951fee0-f2bc-4867-af3e-80af2597330f"
          },
          "type": "InitializeVariable",
          "inputs": {
            "variables": [
              {
                "name": "strEmailToLine",
                "type": "string"
              }
            ]
          }
        },
        "TODO:_Modify_the_FROM_address_in_the_Send_Outlook_Email_action": {
          "actions": {
            "Apply_to_each_Contract_Line": {
              "foreach": "@outputs('List_Contract_Lines')?['body/value']",
              "actions": {
                "Get_Parent_Contract": {
                  "runAfter": {},
                  "metadata": {
                    "operationMetadataId": "488202fb-3a32-408d-a51e-63a8c628eab3"
                  },
                  "type": "OpenApiConnection",
                  "inputs": {
                    "host": {
                      "connectionName": "shared_commondataserviceforapps",
                      "operationId": "GetItem",
                      "apiId": "/providers/Microsoft.PowerApps/apis/shared_commondataserviceforapps"
                    },
                    "parameters": {
                      "entityName": "msftpp_license_contracts",
                      "recordId": "@items('Apply_to_each_Contract_Line')?['_msftpp_contract_id_value']"
                    },
                    "authentication": "@parameters('$authentication')"
                  }
                },
                "Check_if_count_is_EXCEEDED": {
                  "actions": {
                    "Check_Remaining_Count": {
                      "actions": {
                        "Set_strEmailOpener_EXCEEDED": {
                          "runAfter": {},
                          "metadata": {
                            "operationMetadataId": "3b9b6497-2cd2-486e-a55f-f61f48e8c41c"
                          },
                          "type": "SetVariable",
                          "inputs": {
                            "name": "strEmailOpener",
                            "value": "<p>A Contract Line for a Contract you are assigned as owner has <strong>EXCEEDED</strong> the available licenses.</p>"
                          }
                        }
                      },
                      "runAfter": {},
                      "else": {
                        "actions": {
                          "Set_strEmailOpener_APPROACHING": {
                            "runAfter": {},
                            "metadata": {
                              "operationMetadataId": "ac4cb46b-210e-4f84-a21e-1bb37b45275e"
                            },
                            "type": "SetVariable",
                            "inputs": {
                              "name": "strEmailOpener",
                              "value": "<p>A Contract Line for a Contract you are assigned as owner is <strong>APPROACHING</strong> the threshold of available licenses.</p>"
                            }
                          }
                        }
                      },
                      "expression": {
                        "lessOrEquals": [
                          "@items('Apply_to_each_Contract_Line')?['msftpp_remaining_count']",
                          0
                        ]
                      },
                      "metadata": {
                        "operationMetadataId": "da8c6e73-79e0-465b-8265-ed96a330bc94"
                      },
                      "type": "If"
                    }
                  },
                  "runAfter": {
                    "Get_Parent_Contract": [
                      "Succeeded"
                    ]
                  },
                  "metadata": {
                    "operationMetadataId": "6ec77458-4e96-4a5a-8417-2feaad0c41ca"
                  },
                  "type": "Scope"
                },
                "Check_if_Contract_Owner_is_USER_or_TEAM": {
                  "actions": {
                    "Review_Owner_Type": {
                      "runAfter": {},
                      "metadata": {
                        "operationMetadataId": "bf6f65b9-8fba-4b5a-9630-55e7248b2985"
                      },
                      "type": "Compose",
                      "inputs": "@outputs('Get_Parent_Contract')?['body/_ownerid_value@Microsoft.Dynamics.CRM.lookuplogicalname']"
                    },
                    "Check_Owner_Type": {
                      "actions": {
                        "Get_Emails_for_Team_Members": {
                          "runAfter": {},
                          "metadata": {
                            "operationMetadataId": "25fb36ca-91f2-4bb0-a097-9afe5b8b7ca6"
                          },
                          "type": "Workflow",
                          "inputs": {
                            "host": {
                              "workflowReferenceName": "a57f3b56-b4ce-eb11-bacc-0022481d0991"
                            },
                            "body": {
                              "text": "@outputs('Get_Parent_Contract')?['body/_ownerid_value']"
                            }
                          }
                        },
                        "Set_strEmailToLine_to_Team_Members": {
                          "runAfter": {
                            "Get_Emails_for_Team_Members": [
                              "Succeeded"
                            ]
                          },
                          "metadata": {
                            "operationMetadataId": "e0916f1e-11d1-4d95-8f3e-09ed9359800f"
                          },
                          "type": "SetVariable",
                          "inputs": {
                            "name": "strEmailToLine",
                            "value": "@body('Get_Emails_for_Team_Members')?['emailaddresses']"
                          }
                        }
                      },
                      "runAfter": {
                        "Review_Owner_Type": [
                          "Succeeded"
                        ]
                      },
                      "else": {
                        "actions": {
                          "Get_User_Record": {
                            "runAfter": {},
                            "metadata": {
                              "operationMetadataId": "70b581b9-df78-4272-b727-3dda9c084b8b"
                            },
                            "type": "OpenApiConnection",
                            "inputs": {
                              "host": {
                                "connectionName": "shared_commondataserviceforapps",
                                "operationId": "GetItem",
                                "apiId": "/providers/Microsoft.PowerApps/apis/shared_commondataserviceforapps"
                              },
                              "parameters": {
                                "entityName": "systemusers",
                                "recordId": "@outputs('Get_Parent_Contract')?['body/_ownerid_value']",
                                "$select": "internalemailaddress"
                              },
                              "authentication": "@parameters('$authentication')"
                            }
                          },
                          "Set_strEmailToLine_to_User": {
                            "runAfter": {
                              "Get_User_Record": [
                                "Succeeded"
                              ]
                            },
                            "metadata": {
                              "operationMetadataId": "8d32f24c-8f85-41a5-ae5b-a44e578e1ce7"
                            },
                            "type": "SetVariable",
                            "inputs": {
                              "name": "strEmailToLine",
                              "value": "@outputs('Get_User_Record')?['body/internalemailaddress']"
                            }
                          }
                        }
                      },
                      "expression": {
                        "equals": [
                          "@outputs('Get_Parent_Contract')?['body/_ownerid_value@Microsoft.Dynamics.CRM.lookuplogicalname']",
                          "team"
                        ]
                      },
                      "metadata": {
                        "operationMetadataId": "39f770b1-8ba7-49c3-a276-e26c986dc884"
                      },
                      "type": "If"
                    }
                  },
                  "runAfter": {
                    "Check_if_count_is_EXCEEDED": [
                      "Succeeded"
                    ]
                  },
                  "metadata": {
                    "operationMetadataId": "93a5e37f-03fe-4bdf-8724-26d5791938f8"
                  },
                  "type": "Scope"
                },
                "Send_Outlook_Email_Notification": {
                  "runAfter": {
                    "Check_if_Contract_Owner_is_USER_or_TEAM": [
                      "Succeeded"
                    ]
                  },
                  "metadata": {
                    "operationMetadataId": "8caf02b8-d527-4b78-924b-7fa3b6ca870e"
                  },
                  "type": "OpenApiConnection",
                  "inputs": {
                    "host": {
                      "connectionName": "shared_office365_1",
                      "operationId": "SharedMailboxSendEmailV2",
                      "apiId": "/providers/Microsoft.PowerApps/apis/shared_office365"
                    },
                    "parameters": {
                      "emailMessage/MailboxAddress": "resetme@email.com",
                      "emailMessage/To": "@variables('strEmailToLine')",
                      "emailMessage/Subject": "Contract Line License Count Check",
                      "emailMessage/Body": "<p>@{variables('strEmailOpener')}<br>\n<br>\nContract: @{outputs('Get_Parent_Contract')?['body/msftpp_contract_name']}<br>\nContract Line: @{items('Apply_to_each_Contract_Line')?['msftpp_line_name']}<br>\nLicenses Allowed: @{items('Apply_to_each_Contract_Line')?['msftpp_license_count']}<br>\nLicenses Remaining: @{items('Apply_to_each_Contract_Line')?['msftpp_remaining_count']}<br>\n<br>\n<a href=@{items('Apply_to_each_Contract_Line')?['msftpp_record_url']}>Click Here to review Contract Line</a>\n</p>",
                      "emailMessage/Importance": "Normal"
                    },
                    "authentication": "@parameters('$authentication')"
                  }
                }
              },
              "runAfter": {},
              "metadata": {
                "operationMetadataId": "d2cef209-b356-4991-ae47-47e7b3b92ba2"
              },
              "type": "Foreach",
              "runtimeConfiguration": {
                "concurrency": {
                  "repetitions": 1
                }
              }
            }
          },
          "runAfter": {
            "List_Contract_Lines": [
              "Succeeded"
            ]
          },
          "metadata": {
            "operationMetadataId": "ee2b47e6-2db3-4cfd-9d61-b99bcd62da9d"
          },
          "type": "Scope",
          "description": "The FROM Email address in the Send Email action must be set"
        }
      }
    },
    "templateName": ""
  },
  "schemaVersion": "1.0.0.0"
}